Workbook

Sheet Dashboard & Summary
A1: APTECH IT LABS - EXECUTIVE SUMMARY & DASHBOARD
A3: Key Metric Overview | F3: STORE ROOM
A4: Category / Lab | B4: Total Computers / Items | C4: Status / Notes | D4: Click | F4: 🖥️ Total PCs | H4: 🖥️ LCD | I4: ⌨️ Keyboards | J4: 🖱️ Mouse | K4: 🌐 Ethernet | L4: 🔌 Power Cables | M4: 📺 VGA Cables | N4: ⚠️ Hold Items | O4: ❌ Faulty | P4: 💾 RAM | Q4: 💿 HDD & 💾 SSD
A5: Total Labs Managed | B5: =COUNTA('Lab 1, 2, 3 Inventory'!A3:I3,'Lab 1, 2, 3 Inventory'!K3:S3,'Lab 1, 2, 3 Inventory'!U3:AC3) -> 3 | C5: Lab-1, Lab-2, Lab3 , Staff Room | F5: =COUNTIF('New Purchases'!V4:V11,"<>") -> 0 | H5: ='New Purchases'!Y4 -> 0 | I5: ='New Purchases'!Y7 -> 2 | J5: ='New Purchases'!Y8 -> 0 | K5: ='New Purchases'!Y6 -> 30 | L5: ='New Purchases'!Y9 -> 4 | M5: ='New Purchases'!Y10 -> 3 | N5: =COUNTIF('New Purchases'!AC4:AC37,"Hold") -> 1 | O5: =COUNTIF('New Purchases'!AC4:AC37,"Faulty") -> 0 | P5: =COUNTIF('New Purchases'!W4:W35,"<>") -> 1 | Q5: =COUNTIF('New Purchases'!X4:X35,"<>") -> 7
A6: Lab-1 PCs (Inventory) | B6: =COUNTA('Lab 1, 2, 3 Inventory'!B5:B500) -> 19 | C6: Fully Configured & Installed | D6: =HYPERLINK("#'Lab 1, 2, 3 Inventory'!A3","Click") -> Click
A7: Lab-2 PCs (Inventory) | B7: =COUNTA('Lab 1, 2, 3 Inventory'!L5:L200) -> 13 | C7: Fully Configured & Installed | D7: =HYPERLINK("#'Lab 1, 2, 3 Inventory'!K3","Click") -> Click
A8: Lab-3 PCs (Inventory) | B8: =COUNTA('Lab 1, 2, 3 Inventory'!V5:V206) -> 8 | C8: Fully Configured & Installed | D8: =HYPERLINK("#'Lab 1, 2, 3 Inventory'!U3","Click") -> Click
A9: Staff PCs | B9: =COUNTA('Staff Configuration'!B5:B250) -> 4 | C9: Counselor & Staff Rooms | D9: =HYPERLINK("#'Staff Configuration'!A3","Click") -> Click
A10: Total System Inventory | B10: ="Total PC: "&SUM(B6:B9) -> Total PC: 44 | C10: All Active Systems
A11: August 2026 Faults Logged | B11: =COUNTA('Monthly Fault Sheet'!B5:B113) -> 36 | C11: Tracked & Resolved/Pending | D11: =HYPERLINK("#'Monthly Fault Sheet'!A1","Click") -> Click
A12: New Computer Purchases | B12: =COUNTA('New Purchases'!M6:M19) -> 12 | C12: New PC Batch with Accessories | D12: =HYPERLINK("#'New Purchases'!A3","Click") -> Click
A13: Store Room | B13: ="Items: "&SUM(F5:J5,L5:Q5)&" | Ethernet: "&K5 -> Items: 18 | Ethernet: 30 | C13: Available | D13: =HYPERLINK("#'New Purchases'!Q1","Click") -> Click
A14: Store Room | B14: ="Items: "&COUNTA('New Purchases'!U17:U98)&" | Total Qty: "&SUM('New Purchases'!AA17:AA43) -> Items: 6 | Total Qty: 29 | C14: Faulty | D14: =HYPERLINK("#'New Purchases'!Q1","Click") -> Click
B17: s

Sheet Lab 1, 2, 3 Inventory
A1: APTECH IT LABS - LAB 1 & LAB 2 & LAB 3 COMPUTER INVENTORY
A3: LAB-1 COMPUTER INVENTORY | K3: LAB-2 COMPUTER INVENTORY | U3: LAB-3 COMPUTER INVENTORY
A4: S.No | B4: PC Name | C4: Password | D4: Processor | E4: RAM | F4: Storage | G4: Operating System | H4: Software / Remarks | I4: Status | K4: S.No | L4: PC Name | M4: Password | N4: Processor | O4: RAM | P4: Storage | Q4: Operating System | R4: Software / Remarks | S4: Status | U4: S.No | V4: PC Name | W4: Password | X4: Processor | Y4: RAM | Z4: Storage | AA4: Operating System | AB4: Software / Remarks | AC4: Status
A5: 1 | B5: Teacher PC | C5: DHA | D5: i5 - 4th | E5: 4 GB | F5: 256 GB | G5: Windows 10 Pro | H5: VS Code, MS Office | I5: Working | K5: =IF(L5="","",ROW(L5)-4) -> 1 | L5: Teacher PC | M5: DHA | N5: i5 - 4th | O5: 8 GB | P5: 256 GB SSD | Q5: Windows 11 Pro | R5: VS Code, MS Office | S5: Working | U5: =IF(V4="","",ROW(U5)-4) -> 1 | V5: Lab3-STD P.C-1 | W5: 123 | X5: i5 - 4th | Y5: 4GB | Z5: 128 GB SSD | AA5: Windows 10 Pro | AB5: All SOFTWARE | AC5: Working
A6: =IF(B6="","",ROWS($A$5:A6)) -> 2 | B6: Lab1-STD P.C-1 | C6: 123 | D6: i5 - 4th | E6: 4 GB | F6: 320 GB | G6: Windows 10 Pro | H6: XAMPP, Chrome | I6: Working | K6: =IF(L6="","",ROW(L6)-4) -> 2 | L6: Lab2-STD P.C-1 | M6: 123 | N6: i5 - 4th | O6: 8 GB | P6: 128 GB SSD | Q6: Windows 11 Pro | R6: XAMPP, Chrome | S6: Working | U6: =IF(V5="","",ROW(U6)-4) -> 2 | V6: Lab3-STD P.C-2 | W6: 123 | X6: i5 - 4th | Y6: 4GB | Z6: 128 GB SSD | AA6: Windows 10 Pro | AB6: VS Code, MS Office | AC6: Working
A7: =IF(B7="","",ROWS($A$5:A7)) -> 3 | B7: Lab1-STD P.C-2 | C7: 123 | D7: i5 - 4th | E7: 4 GB | F7: =-J12 -> 0 | G7: Windows 10 Pro | H7: Pending Setup | I7: Pending | K7: =IF(L7="","",ROW(L7)-4) -> 3 | L7: Lab2-STD P.C-2 | M7: 123 | N7: i5 - 4th | O7: 8 GB | P7: 128 GB SSD | Q7: Windows 11 Pro | R7: Visual Studio, SSMS | S7: Working | U7: =IF(V6="","",ROW(U7)-4) -> 3 | V7: Lab3-STD P.C-3 | W7: 123 | X7: i5 - 4th | Y7: 4GB | Z7: 128 GB SSD | AA7: Windows 10 Pro | AB7: XAMPP, Chrome | AC7: Working
A8: =IF(B8="","",ROWS($A$5:A8)) -> 4 | B8: Lab1-STD P.C-3 | C8: 123 | D8: i5 - 4th | E8: 4 GB | F8: 320 GB | G8: Windows 10 Pro | H8: Visual Studio, SSMS | I8: Working | K8: =IF(L8="","",ROW(L8)-4) -> 4 | L8: Lab2-STD P.C-3 | M8: 123 | N8: i5 - 4th | O8: 8 GB | P8: 128 GB SSD | Q8: Windows 11 Pro | R8: WinRAR, Graphics Driver | S8: Working | U8: =IF(V7="","",ROW(U8)-4) -> 4 | V8: Lab3-STD P.C-3 | W8: 123 | X8: i5 - 4th | Y8: 4GB | Z8: 128 GB SSD | AA8: Windows 10 Pro | AB8: Visual Studio, SSMS | AC8: Working
A9: =IF(B9="","",ROWS($A$5:A9)) -> 5 | B9: Lab1-STD P.C-4 | C9: 123 | D9: i5 - 4th | E9: 4 GB | F9: 320 GB | G9: Windows 10 Pro | H9: WinRAR, Graphics Driver | I9: Working | K9: =IF(L9="","",ROW(L9)-4) -> 5 | L9: Lab2-STD P.C-4 | M9: 123 | N9: i5 - 4th | O9: 8 GB | P9: 128 GB SSD | Q9: Windows 11 Pro | R9: Android Studio, InSchool | S9: Working | U9: =IF(V8="","",ROW(U9)-4) -> 5 | V9: Lab3-STD P.C-3 | W9: 123 | X9: i5 - 4th | Y9: 4GB | Z9: 128 GB SSD | AA9: Windows 10 Pro | AB9: All SOFTWARE | AC9: Working
A10: =IF(B10="","",ROWS($A$5:A10)) -> 6 | B10: Lab1-STD P.C-5 | C10: 123 | D10: i5 - 4th | E10: 4 GB | F10: 320 GB | G10: Windows 10 Pro | H10: Android Studio, InSchool | I10: Working | K10: =IF(L10="","",ROW(L10)-4) -> 6 | L10: Lab2-STD P.C-5 | M10: 123 | N10: i5 - 4th | O10: 8 GB | P10: 128 GB SSD | Q10: Windows 11 Pro | R10: Standard | S10: Working | U10: =IF(V9="","",ROW(U10)-4) -> 6 | V10: Lab3-STD P.C-3 | W10: 123 | X10: i5 - 4th | Y10: 4GB | Z10: 128 GB SSD | AA10: Windows 10 Pro | AB10: All SOFTWARE | AC10: Working
A11: =IF(B11="","",ROWS($A$5:A11)) -> 7 | B11: Lab1-STD P.C-6 | C11: 123 | D11: i3-2th | E11: 4 GB | F11: 320 GB | G11: Windows 10 Pro | H11: Standard | I11: Working | K11: =IF(L11="","",ROW(L11)-4) -> 7 | L11: Lab2-STD P.C-6 | M11: 123 | N11: i5 - 4th | O11: 8 GB | P11: 128 GB SSD | Q11: Windows 11 Pro | R11: Standard | S11: Working | U11: =IF(V10="","",ROW(U11)-4) -> 7 | V11: Lab3-STD P.C-3 | W11: 123 | X11: 13-3th | Y11: 4GB | Z11: 256GB SSD | AA11: Windows 10 Pro | AB11: All SOFTWARE | AC11: Working
A12: =IF(B12="","",ROWS($A$5:A12)) -> 8 | B12: Lab1-STD P.C-7 | C12: 123 | D12: i5 - 4th | E12: 4 GB | F12: 320 GB | G12: Windows 10 Pro | H12: Standard | I12: Working | K12: =IF(L12="","",ROW(L12)-4) -> 8 | L12: Lab2-STD P.C-7 | M12: 123 | N12: i5 - 4th | O12: 8 GB | P12: 128 GB SSD | Q12: Windows 11 Pro | R12: Standard | S12: Working | U12: =IF(V11="","",ROW(U12)-4) -> 8 | V12: Lab3-STD P.C-3 | W12: 123 | X12: 13-3th | Y12: 4GB | Z12: 256 GB SSD | AA12: Windows 10 Pro | AB12: All SOFTWARE | AC12: Working
A13: =IF(B13="","",ROWS($A$5:A13)) -> 9 | B13: Lab1-STD P.C-8 | C13: 123 | D13: i3-2th | E13: 4 GB | F13: 256GB | G13: Windows 10 Pro | H13: Standard | I13: Working | K13: =IF(L13="","",ROW(L13)-4) -> 9 | L13: Lab2-STD P.C-8 | M13: 123 | N13: i5 - 4th | O13: 8 GB | P13: 128 GB SSD | Q13: Windows 11 Pro | R13: Standard | S13: Working | U13: =IF(V12="","",ROW(U13)-4) -> 9
A14: =IF(B14="","",ROWS($A$5:A14)) -> 10 | B14: Lab1-STD P.C-9 | C14: 123 | D14: i3-2th | E14: 4 GB | F14: 256GB | G14: Windows 10 Pro | H14: Standard | I14: Working | K14: =IF(L14="","",ROW(L14)-4) -> 10 | L14: Lab2-STD P.C-9 | M14: 123 | N14: i5 - 4th | O14: 8 GB | P14: 128 GB SSD | Q14: Windows 11 Pro | R14: Standard | S14: Working | U14: =IF(V13="","",ROW(U14)-4)
A15: =IF(B15="","",ROWS($A$5:A15)) -> 11 | B15: Lab1-STD P.C-10 | C15: 123 | D15: i5 - 4th | E15: 4 GB | F15: 128GB | G15: Windows 10 Pro | H15: Standard | I15: Working | K15: =IF(L15="","",ROW(L15)-4) -> 11 | L15: Lab2-STD P.C-10 | M15: 123 | N15: i5 - 4th | O15: 8 GB | P15: 128 GB SSD | Q15: Windows 11 Pro | R15: Standard | S15: Working | U15: =IF(V14="","",ROW(U15)-4)
A16: =IF(B16="","",ROWS($A$5:A16)) -> 12 | B16: Lab1-STD P.C-11 | C16: 123 | D16: i5 - 4th | E16: 4 GB | F16: 128GB | G16: Windows 10 Pro | H16: Standard | I16: Working | K16: 12 | L16: Lab2-STD P.C-11 | M16: 123 | N16: i5 - 4th | O16: 8 GB | P16: 128 GB SSD | Q16: Windows 11 Pro | R16: Standard | S16: Working | U16: =IF(V15="","",ROW(U16)-4)
A17: =IF(B17="","",ROWS($A$5:A17)) -> 13 | B17: Lab1-STD P.C-12 | C17: 123 | D17: i5 - 4th | E17: 4 GB | F17: 128GB | G17: Windows 10 Pro | H17: Standard | I17: Working | K17: 13 | L17: Lab2-STD P.C-12 | M17: 123 | N17: i5 - 4th | O17: 8 GB | P17: 128 GB SSD | Q17: Windows 11 Pro | R17: Standard | S17: Working | U17: =IF(V16="","",ROW(U17)-4)
A18: =IF(B18="","",ROWS($A$5:A18)) -> 14 | B18: Lab1-STD P.C-13 | C18: 123 | D18: i5 - 4th | E18: 4 GB | F18: 128GB | G18: Windows 10 Pro | H18: Standard | I18: Working | U18: =IF(V17="","",ROW(U18)-4)
A19: =IF(B19="","",ROWS($A$5:A19)) -> 15 | B19: Lab1-STD P.C-14 | C19: 123 | D19: i5 - 4th | E19: 4 GB | F19: 128GB | G19: Windows 10 Pro | H19: Standard | I19: Working
A20: =IF(B20="","",ROWS($A$5:A20)) -> 16 | B20: Lab1-STD P.C-15 | C20: 123 | D20: i3 - 2nd | E20: 4 GB | F20: 128GB | G20: Windows 10 Pro | H20: Standard | I20: Working
A21: =IF(B21="","",ROWS($A$5:A21)) -> 17 | B21: Lab1-STD P.C-16 | C21: 123 | D21: i3 - 2nd | E21: 4 GB | F21: 128GB | G21: Windows 10 Pro | H21: Standard | I21: Working
A22: =IF(B22="","",ROWS($A$5:A22)) -> 18 | B22: Lab1-STD P.C-17 | C22: 123 | D22: i3 - 2nd | E22: 4 GB | F22: 512GB | G22: Windows 10 Pro | H22: Standard | I22: Working
A23: =IF(B23="","",ROWS($A$5:A23)) -> 19 | B23: Lab1-STD P.C-18 | C23: 123 | D23: i3 - 2nd | E23: 4 GB | F23: 160GB | G23: Windows 10 Pro | H23: Standard | I23: Working
A24: =IF(B24="","",ROWS($A$5:A24))
A25: =IF(B25="","",ROWS($A$5:A25))
A26: =IF(B26="","",ROWS($A$5:A26))
A27: =IF(B27="","",ROWS($A$5:A27))
A28: =IF(B28="","",ROWS($A$5:A28))
A29: =IF(B29="","",ROWS($A$5:A29))
A30: =IF(B30="","",ROWS($A$5:A30))
A36: =HYPERLINK("#'Dashboard & Summary'!A1","Back DashBoard") -> Back DashBoard

Sheet Staff Configuration
A1: APTECH IT LABS - STAFF ROOM SYSTEM CONFIGURATION
A3: STAFF & COUNSELOR ROOM INVENTORY
A4: S.No | B4: PC Name | C4: Password | D4: Processor | E4: RAM | F4: Storage | G4: Operating System | H4: Software Installed | I4: Status
A5: =IF(B5="","",ROWS($A$5:A5)) -> 1 | B5: Counselor Room | C5: Non | D5: i5 - 4th | E5: 4 GB | F5: 320 GB | G5: Windows 10 Pro | H5: Chrome, WinRAR, MS Office 2021, Graphic Driver, Printer Drivers | I5: Working
A6: =IF(B6="","",ROWS($A$5:A6)) -> 2 | B6: Counselor P.C-1 | C6: 12345 | D6: i5 4th | E6: 4 GB | F6: 320 GB | G6: Windows 10 Pro | H6: Standard Suite | I6: Working
A7: =IF(B7="","",ROWS($A$5:A7)) -> 3 | B7: Counselor P.C-2 | C7: 123 | D7: i5 4th | E7: 4 GB | F7: 256 GB | G7: Windows 10 Pro | H7: Standard Suite | I7: Working
A8: =IF(B8="","",ROWS($A$5:A8)) -> 4 | B8: Staff Room P.C | C8: 123 | D8: i5 4th | E8: 4 GB | F8: 256 GB | G8: Windows 10 Pro | H8: Standard Suite | I8: Working
A9: =IF(B9="","",ROWS($A$5:A9))
A10: =IF(B10="","",ROWS($A$5:A10))
A11: =IF(B11="","",ROWS($A$5:A11))
A12: =IF(B12="","",ROWS($A$5:A12))
A13: =IF(B13="","",ROWS($A$5:A13))
A14: =IF(B14="","",ROWS($A$5:A14))
A15: =IF(B15="","",ROWS($A$5:A15))
A16: =IF(B16="","",ROWS($A$5:A16))
A24: =HYPERLINK("#'Dashboard & Summary'!A1","Back DashBoard") -> Back DashBoard

Sheet Monthly Fault Sheet
A1: APTECH IT LABS - IT MAINTENANCE & REPAIR LOG (AUGUST 2026)
A3: LOGGED FAULTS & MAINTENANCE REPORT
A4: S.No | B4: Complaint Date | C4: PC / Asset ID | D4: Lab | E4: Problem Description | F4: Old Part Removed | G4: New Part Installed | H4: Qty | I4: Repair Date | J4: Status | K4: Remarks
A5: =IF(B5="","",ROWS($A$5:A5)) -> 1 | B5: 46235 | C5: Lab1-STD P.C-10 | D5: Lab-1 | E5: Ethernet connector damaged / No network connectivity | F5: Ethernet Connector | G5: Ethernet Connector | H5: 1 | I5: 46235 | J5: Resolved | K5: Working Fine
A6: =IF(B6="","",ROWS($A$5:A6)) -> 2 | B6: 46237 | C6: Lab2-STD P.C-5 | D6: Lab2 | E6: Mouse Right click and Scroll no working | F6: Mouse | G6: New Mouse Add | H6: 1 | I6: 46237 | J6: Resolved | K6: Working Fine
A7: =IF(B7="","",ROWS($A$5:A7)) -> 3 | B7: 46239 | C7: Lab1-STD P.C-12 | D7: Lab-1 | E7: Window Installation and Software | F7: Windows & Software | G7: New Installation | H7: 1 | I7: 46239 | J7: Resolved | K7: Working Fine
A8: =IF(B8="","",ROWS($A$5:A8)) -> 4 | B8: 46241 | C8: Lab1-STD P.C-15 | D8: Lab-1 | E8: Ethernet connector damaged / No network connectivity | F8: Ethernet Connector | G8: Ethernet Connector | H8: 1 | I8: 46241 | J8: Resolved | K8: Working Fine
A9: =IF(B9="","",ROWS($A$5:A9)) -> 5 | B9: 46242 | C9: Lab2-STD P.C-8 | D9: Lab-2 | E9: Ethernet connector damaged / No network connectivity | F9: Ethernet Connector | G9: Ethernet Connector | H9: 1 | I9: 46242 | J9: Resolved | K9: Working Fine
A10: =IF(B10="","",ROWS($A$5:A10)) -> 6 | B10: 46242 | C10: Lab2-STD P.C-9 | D10: Lab-2 | E10: Ethernet connector damaged / No network connectivity | F10: Ethernet Connector | G10: Ethernet Connector | H10: 1 | I10: 46242 | J10: Resolved | K10: Working Fine
A11: =IF(B11="","",ROWS($A$5:A11)) -> 7 | B11: 46245 | C11: Lab2-STD P.C-2 | D11: Lab-1 | E11: Microsoft Install and Software | F11: Software | G11: New Softwar | H11: 1 | I11: 46245 | J11: Resolved | K11: Working Fine
A12: =IF(B12="","",ROWS($A$5:A12)) -> 8 | B12: 46249 | C12: Lab2-STD P.C-10 | D12: Lab-2 | E12: Ethernet connector damaged / No network connectivity | F12: Ethernet Connector | G12: Ethernet Connector | H12: 1 | I12: 46249 | J12: Resolved | K12: Working Fine
A13: =IF(B13="","",ROWS($A$5:A13)) -> 9 | B13: 46252 | C13: Lab2-STD P.C-7 | D13: Lab-2 | E13: Ethernet connector damaged / No network connectivity | F13: Ethernet Connector | G13: Ethernet Connector | H13: 1 | I13: 46252 | J13: Resolved | K13: Working Fine
A14: =IF(B14="","",ROWS($A$5:A14)) -> 10 | B14: 46252 | C14: Lab1-STD P.C-9 | D14: Lab-1 | E14: Window Installation and Software | F14: Windows & Software | G14: New Installation | H14: 1 | I14: 46252 | J14: Resolved | K14: Working Fine
A15: =IF(B15="","",ROWS($A$5:A15)) -> 11 | B15: 46254 | C15: Lab1-STD P.C-6 | D15: Lab-2 | E15: Ethernet connector damaged / No network connectivity | F15: Ethernet Connector | G15: Ethernet Connector | H15: 2 | I15: 46254 | J15: Resolved | K15: Working Fine
A16: =IF(B16="","",ROWS($A$5:A16)) -> 12 | B16: 46257 | C16: Lab1-STD P.C-15 | D16: Lab-1 | E16: PC Repairing MotherBord and Power Button | F16: Motherboad/Power Button | G16: Repairing | H16: 1 | I16: 46257 | J16: Resolved | K16: Working Fine
A17: =IF(B17="","",ROWS($A$5:A17)) -> 13 | B17: 46254 | C17: Lab1-STD P.C-9 | D17: Lab-1 | E17: Software Installation New | F17: Software Currupt | G17: New Softwar | H17: 1 | I17: 46254 | J17: Resolved | K17: Working Fine
A18: =IF(B18="","",ROWS($A$5:A18))
A19: APTECH IT LABS - IT MAINTENANCE & REPAIR LOG (September 2026)
A20: 1 | B20: 1-Sep-26 | C20: Lab1-STD P.C-1 | D20: Lab-1 | E20: Keyboard not working | F20: Keyboard | G20: New Keyboard | H20: 1 | I20: 1-Sep-26 | J20: Resolved | K20: Working Fine
A21: 2 | B21: 2-Sep-26 | C21: Lab2-STD P.C-7 | D21: Lab-2 | E21: MotherBoard and PowerSupply | F21: PowerSupply Motherboard | G21: New | H21: 1 | I21: 2-Sep-26 | J21: Resolved | K21: Working Fine
A22: 3 | B22: 3-Sep-26 | C22: Lab1-STD P.C-13 | D22: Lab-1 | E22: New Windows and Software | F22: Corrupt Windows and Blue Screen | G22: Reinstall Windows | H22: 1 | I22: 5-Sep-26 | J22: Resolved | K22: Working Fine
A23: 4 | B23: 4-Sep-26 | C23: Lab1-STD P.C-10 | D23: Lab-1 | E23: Ethernet connector damaged / No network connectivity | F23: Ethernet Connector | G23: New Ethernet Connector | H23: 1 | I23: 9-Sep-26 | J23: Resolved | K23: Working Fine
A24: 5 | B24: 5-Sep-26 | C24: Lab1-STD P.C-11 | D24: Lab-1 | E24: Software and Drivers only | F24: N/A | G24: Drivers Installed | H24: 1 | I24: 5-Sep-26 | J24: Resolved | K24: Working Fine
A25: 7 | B25: 8-Sep-26 | C25: Lab2-STD P.C-3 | D25: Lab-2 | E25: Windows issue | F25: Windows | G25: Windows Reinstalled | H25: 1 | I25: 8-Sep-26 | J25: Resolved | K25: Working Fine
A26: 8 | B26: 9-Sep-26 | C26: Lab1-STD P.C-15 | D26: Lab-1 | E26: Mouse Right click not working | F26: Mouse | G26: New Mouse | H26: 1 | I26: 15-Sep-26 | J26: Resolved | K26: Working Fine
A27: 9 | B27: 10-Sep-26 | C27: Lab1-STD P.C-2 | D27: Lab-1 | E27: Mouse light not fully working | F27: Mouse | G27: New Mouse | H27: 1 | I27: 15-Sep-26 | J27: Resolved | K27: Working Fine
A28: 10 | B28: 11-Sep-26 | C28: Lab2-STD P.C-5 | D28: Lab-2 | E28: No Display | F28: VGA Cable | G28: Cable Replaced | H28: 1 | I28: 11-Sep-26 | J28: Resolved | K28: Working Fine
A29: 11 | B29: 12-Sep-26 | C29: Lab1-STD P.C-8 | D29: Lab-1 | E29: Keyboard keys not working | F29: Keyboard | G29: New Keyboard | H29: 1 | I29: 12-Sep-26 | J29: Resolved | K29: Working Fine
A30: 12 | B30: 14-Sep-26 | C30: Lab2-STD P.C-2 | D30: Lab-2 | E30: Network connectivity issue | F30: LAN Cable | G30: New LAN Cable | H30: 1 | I30: 14-Sep-26 | J30: Resolved | K30: Working Fine
A31: 13 | B31: 15-Sep-26 | C31: Lab1-Teacher P.C | D31: Lab-1 | E31: BIOS Cell and Windows | F31: BIOS Cell | G31: New BIOS Cell | H31: 1 | I31: 15-Sep-26 | J31: Resolved | K31: Working Fine
... A42: 24 | B42: 28-Sep-26 | C42: Lab1-STD P.C-5 | D42: Lab-1 | E42: Windows and Driver Issue | F42: Windows / Drivers | G42: Reinstalled | H42: 1 | I42: 28-Sep-26 | J42: Resolved | K42: Working Fine
A59: =HYPERLINK("#'Dashboard & Summary'!A1","Back DashBoard") -> Back DashBoard

Sheet New Purchases
A1: APTECH IT LABS - NEW COMPUTER PURCHASING & ACCESSORIES | S1: APTECH IT LABS - STORE AVAILABLE ITEMS
A3: NEW SYSTEM PURCHASE LIST | S3: S.No | T3: Item Name | U3: Brand | V3: Processor | W3: RAM | X3: Storage | Y3: Qty | Z3: Condition | AA3: Location | AB3: Purchase Date | AC3: Status | AD3: Remarks
A4: Sr. No | B4: Device | C4: Processor | D4: RAM | E4: Storage | F4: Qty | G4: Keyboard | H4: Mouse | I4: LCD | J4: Ethernet Coannector | K4: Power Cables | L4: VGA Cables | M4: Status | S4: 1 | T4: Dell LCD 19" | U4: Dell
C5: 20/7/2026
A6: =IF(B6="","",ROWS($A$6:A6)) -> 1 | B6: PC-01 | C6: Intel Core i5 4th Gen | D6: 4 GB DDR3 | E6: 128 GB SSD | F6: 1 | G6: Yes | H6: Yes | J6: One Box (20/7/26) | K6: Yes | L6: Yes | M6: New | S6: 2 | T6: Ethernet Cable | U6: D-Link | Y6: 30 | Z6: Good | AA6: Store | AB6: 20-Jul-2026 | AC6: Available | AD6: CAT6
A7: =IF(B7="","",ROWS($A$6:A7)) -> 2 | B7: PC-02 | C7: Intel Core i5 4th Gen | D7: 4 GB DDR3 | E7: 128 GB SSD | F7: 1 | G7: Yes | H7: Yes | K7: Yes | L7: Yes | M7: New | S7: 3 | T7: Keyboard | U7: Dell | Y7: 2 | Z7: Good | AA7: Store | AB7: 20-Jul-2026 | AC7: Available | AD7: USB
A8: =IF(B8="","",ROWS($A$6:A8)) -> 3 | B8: PC-03 | C8: Intel Core i5 4th Gen | D8: 4 GB DDR3 | E8: 128 GB SSD | F8: 1 | G8: Yes | H8: No | K8: Yes | L8: Yes | M8: New | S8: 4 | T8: Mouse | U8: Logitech | Y8: 0 | Z8: Good | AA8: Store | AB8: 20-Jul-2026 | AC8: Available | AD8: USB
A9: =IF(B9="","",ROWS($A$6:A9)) -> 4 | B9: PC-04 | C9: Intel Core i5 4th Gen | D9: 4 GB DDR3 | E9: 128 GB SSD | F9: 1 | G9: Yes | H9: No | K9: Yes | L9: No | M9: New | S9: 5 | T9: Power Cable | U9: Generic | Y9: 4 | Z9: Good | AA9: Store | AB9: 20-Jul-2026 | AC9: Available | AD9: 3-Pin
A10: =IF(B10="","",ROWS($A$6:A10)) -> 5 | B10: PC-05 | C10: Intel Core i5 4th Gen | D10: 4 GB DDR3 | E10: 128 GB SSD | F10: 1 | G10: Yes | H10: No | K10: Yes | L10: No | M10: New | S10: 6 | T10: VGA Cable | U10: Generic | Y10: 3 | Z10: Good | AA10: Store | AB10: 20-Jul-2026 | AC10: Available | AD10: Standard
A11: =IF(B11="","",ROWS($A$6:A11)) -> 6 | B11: PC-06 | C11: Intel Core i5 4th Gen | D11: 4 GB DDR3 | E11: 128 GB SSD | F11: 1 | G11: Yes | H11: No | K11: Yes | L11: No | M11: New | S11: 7 | T11: HP Desktop | U11: HP | Y11: 0 | Z11: Good | AA11: Store | AB11: 20-Jul-2026 | AC11: Hold | AD11: Spare PC
A12: =IF(B12="","",ROWS($A$6:A12)) | C12: 46030
A13: =IF(B13="","",ROWS($A$6:A13)) -> 8 | B13: Vag Cables | F13: 4 | K13: Yes | L13: Yes | M13: New
A14: =IF(B14="","",ROWS($A$6:A14)) -> 9 | B14: PowerCables | F14: 5 | K14: Yes | L14: Yes | M14: New | U14: ❌ Faulty
A15: =IF(B15="","",ROWS($A$6:A15)) | C15: 24/8/2026
A16: =IF(B16="","",ROWS($A$6:A16)) -> 11 | B16: PC-01 | C16: Intel Core i5 4th Gen | D16: 8 GB DDR3 | E16: 128 GB SSD | F16: 1 | G16: Yes | H16: Yes | I16: Yes | K16: Yes | L16: Yes | M16: New | U16: Item Name | V16: Processor | W16: RAM | X16: Storage | Y16: Location | Z16: Status | AA16: Qty
A17: =IF(B17="","",ROWS($A$6:A17)) -> 12 | B17: PC-02 | C17: Intel Core i5 4th Gen | D17: 8 GB DDR3 | E17: 128 GB SSD | F17: 1 | G17: Yes | H17: Yes | I17: Yes | K17: Yes | L17: Yes | M17: New | U17: HardDiak | X17: 320Gb | Y17: Store | Z17: Faulty | AA17: 1
A18: =IF(B18="","",ROWS($A$6:A18)) -> 13 | B18: PC-03 | C18: Intel Core i5 4th Gen | D18: 8 GB DDR3 | E18: 128 GB SSD | F18: 1 | G18: Yes | H18: Yes | I18: Yes | K18: Yes | L18: Yes | M18: New | U18: cell | X18: 3302 | Y18: Store | Z18: Faulty | AA18: 5
A19: =IF(B19="","",ROWS($A$6:A19)) -> 14 | B19: PC-04 | C19: Intel Core i5 4th Gen | D19: 8 GB DDR3 | E19: 128 GB SSD | F19: 1 | G19: Yes | H19: Yes | I19: Yes | K19: Yes | L19: Yes | M19: New | U19: Power Cables | X19: old | Y19: Store | Z19: Faulty | AA19: 7
U20: Vga Cable | X20: old | Y20: Store | Z20: Faulty | AA20: 4
U21: Keybordd | X21: old | Y21: Store | Z21: Faulty | AA21: 2
U22: Mouse | X22: old | Y22: Store | Z22: Faulty | AA22: 10
A23: =HYPERLINK("#'Dashboard & Summary'!A1","Back DashBoard") -> Back DashBoard
